Target,Target_Namespace,Target_Type,Target_Method,Job_Id,Job_AnalyzeLaunchVariance,Job_EvaluateOverhead,Job_MaxAbsoluteError,Job_MaxRelativeError,Job_MinInvokeCount,Job_MinIterationTime,Job_OutlierMode,Job_Affinity,Job_EnvironmentVariables,Job_Jit,Job_Platform,Job_Runtime,Job_AllowVeryLargeObjects,Job_Concurrent,Job_CpuGroups,Job_Force,Job_HeapAffinitizeMask,Job_HeapCount,Job_NoAffinitize,Job_RetainVm,Job_Server,Job_PowerPlan,Job_Arguments,Job_BuildConfiguration,Job_Clock,Job_EngineFactory,Job_NuGetReferences,Job_Toolchain,Job_IsMutator,Job_InvocationCount,Job_IterationCount,Job_IterationTime,Job_LaunchCount,Job_MaxIterationCount,Job_MaxWarmupIterationCount,Job_MinIterationCount,Job_MinWarmupIterationCount,Job_RunStrategy,Job_UnrollFactor,Job_WarmupCount,Job_Display,Params,Measurement_LaunchIndex,Measurement_IterationMode,Measurement_IterationStage,Measurement_IterationIndex,Measurement_Nanoseconds,Measurement_Operations,Measurement_Value
Md5VsSha256.IfStatement,MyBenchmarks,Md5VsSha256,IfStatement,Core,Default,Default,Default,Default,Default,Default,Default,Default,Default,Default,Default,Core,Default,Default,Default,Default,Default,Default,Default,Default,Default,Default,Default,Default,Default,Default,Default,Default,Default,Default,Default,Default,Default,Default,Default,Default,Default,Default,Default,Default,Core(Runtime=Core),,1,Overhead,Jitting,1,353271,1,353271
Md5VsSha256.IfStatement,MyBenchmarks,Md5VsSha256,IfStatement,Core,Default,Default,Default,Default,Default,Default,Default,Default,Default,Default,Default,Core,Default,Default,Default,Default,Default,Default,Default,Default,Default,Default,Default,Default,Default,Default,Default,Default,Default,Default,Default,Default,Default,Default,Default,Default,Default,Default,Default,Default,Core(Runtime=Core),,1,Workload,Jitting,1,9507659,1,9507659
Md5VsSha256.IfStatement,MyBenchmarks,Md5VsSha256,IfStatement,Core,Default,Default,Default,Default,Default,Default,Default,Default,Default,Default,Default,Core,Default,Default,Default,Default,Default,Default,Default,Default,Default,Default,Default,Default,Default,Default,Default,Default,Default,Default,Default,Default,Default,Default,Default,Default,Default,Default,Default,Default,Core(Runtime=Core),,1,Overhead,Jitting,2,259736,16,16233.5
Md5VsSha256.IfStatement,MyBenchmarks,Md5VsSha256,IfStatement,Core,Default,Default,Default,Default,Default,Default,Default,Default,Default,Default,Default,Core,Default,Default,Default,Default,Default,Default,Default,Default,Default,Default,Default,Default,Default,Default,Default,Default,Default,Default,Default,Default,Default,Default,Default,Default,Default,Default,Default,Default,Core(Runtime=Core),,1,Workload,Jitting,2,313221,16,19576.31
Md5VsSha256.IfStatement,MyBenchmarks,Md5VsSha256,IfStatement,Core,Default,Default,Default,Default,Default,Default,Default,Default,Default,Default,Default,Core,Default,Default,Default,Default,Default,Default,Default,Default,Default,Default,Default,Default,Default,Default,Default,Default,Default,Default,Default,Default,Default,Default,Default,Default,Default,Default,Default,Default,Core(Runtime=Core),,1,Workload,Pilot,1,11440,16,715
Md5VsSha256.IfStatement,MyBenchmarks,Md5VsSha256,IfStatement,Core,Default,Default,Default,Default,Default,Default,Default,Default,Default,Default,Default,Core,Default,Default,Default,Default,Default,Default,Default,Default,Default,Default,Default,Default,Default,Default,Default,Default,Default,Default,Default,Default,Default,Default,Default,Default,Default,Default,Default,Default,Core(Runtime=Core),,1,Workload,Pilot,2,21143,32,660.72
Md5VsSha256.IfStatement,MyBenchmarks,Md5VsSha256,IfStatement,Core,Default,Default,Default,Default,Default,Default,Default,Default,Default,Default,Default,Core,Default,Default,Default,Default,Default,Default,Default,Default,Default,Default,Default,Default,Default,Default,Default,Default,Default,Default,Default,Default,Default,Default,Default,Default,Default,Default,Default,Default,Core(Runtime=Core),,1,Workload,Pilot,3,26671,64,416.73
Md5VsSha256.IfStatement,MyBenchmarks,Md5VsSha256,IfStatement,Core,Default,Default,Default,Default,Default,Default,Default,Default,Default,Default,Default,Core,Default,Default,Default,Default,Default,Default,Default,Default,Default,Default,Default,Default,Default,Default,Default,Default,Default,Default,Default,Default,Default,Default,Default,Default,Default,Default,Default,Default,Core(Runtime=Core),,1,Workload,Pilot,4,63691,128,497.59
Md5VsSha256.IfStatement,MyBenchmarks,Md5VsSha256,IfStatement,Core,Default,Default,Default,Default,Default,Default,Default,Default,Default,Default,Default,Core,Default,Default,Default,Default,Default,Default,Default,Default,Default,Default,Default,Default,Default,Default,Default,Default,Default,Default,Default,Default,Default,Default,Default,Default,Default,Default,Default,Default,Core(Runtime=Core),,1,Workload,Pilot,5,79206,256,309.4
Md5VsSha256.IfStatement,MyBenchmarks,Md5VsSha256,IfStatement,Core,Default,Default,Default,Default,Default,Default,Default,Default,Default,Default,Default,Core,Default,Default,Default,Default,Default,Default,Default,Default,Default,Default,Default,Default,Default,Default,Default,Default,Default,Default,Default,Default,Default,Default,Default,Default,Default,Default,Default,Default,Core(Runtime=Core),,1,Workload,Pilot,6,150105,512,293.17
Md5VsSha256.IfStatement,MyBenchmarks,Md5VsSha256,IfStatement,Core,Default,Default,Default,Default,Default,Default,Default,Default,Default,Default,Default,Core,Default,Default,Default,Default,Default,Default,Default,Default,Default,Default,Default,Default,Default,Default,Default,Default,Default,Default,Default,Default,Default,Default,Default,Default,Default,Default,Default,Default,Core(Runtime=Core),,1,Workload,Pilot,7,372382,1024,363.65
Md5VsSha256.IfStatement,MyBenchmarks,Md5VsSha256,IfStatement,Core,Default,Default,Default,Default,Default,Default,Default,Default,Default,Default,Default,Core,Default,Default,Default,Default,Default,Default,Default,Default,Default,Default,Default,Default,Default,Default,Default,Default,Default,Default,Default,Default,Default,Default,Default,Default,Default,Default,Default,Default,Core(Runtime=Core),,1,Workload,Pilot,8,1072415,2048,523.64
Md5VsSha256.IfStatement,MyBenchmarks,Md5VsSha256,IfStatement,Core,Default,Default,Default,Default,Default,Default,Default,Default,Default,Default,Default,Core,Default,Default,Default,Default,Default,Default,Default,Default,Default,Default,Default,Default,Default,Default,Default,Default,Default,Default,Default,Default,Default,Default,Default,Default,Default,Default,Default,Default,Core(Runtime=Core),,1,Workload,Pilot,9,1776480,4096,433.71
Md5VsSha256.IfStatement,MyBenchmarks,Md5VsSha256,IfStatement,Core,Default,Default,Default,Default,Default,Default,Default,Default,Default,Default,Default,Core,Default,Default,Default,Default,Default,Default,Default,Default,Default,Default,Default,Default,Default,Default,Default,Default,Default,Default,Default,Default,Default,Default,Default,Default,Default,Default,Default,Default,Core(Runtime=Core),,1,Workload,Pilot,10,2353049,8192,287.24
Md5VsSha256.IfStatement,MyBenchmarks,Md5VsSha256,IfStatement,Core,Default,Default,Default,Default,Default,Default,Default,Default,Default,Default,Default,Core,Default,Default,Default,Default,Default,Default,Default,Default,Default,Default,Default,Default,Default,Default,Default,Default,Default,Default,Default,Default,Default,Default,Default,Default,Default,Default,Default,Default,Core(Runtime=Core),,1,Workload,Pilot,11,4413560,16384,269.38
Md5VsSha256.IfStatement,MyBenchmarks,Md5VsSha256,IfStatement,Core,Default,Default,Default,Default,Default,Default,Default,Default,Default,Default,Default,Core,Default,Default,Default,Default,Default,Default,Default,Default,Default,Default,Default,Default,Default,Default,Default,Default,Default,Default,Default,Default,Default,Default,Default,Default,Default,Default,Default,Default,Core(Runtime=Core),,1,Workload,Pilot,12,10332446,32768,315.32
Md5VsSha256.IfStatement,MyBenchmarks,Md5VsSha256,IfStatement,Core,Default,Default,Default,Default,Default,Default,Default,Default,Default,Default,Default,Core,Default,Default,Default,Default,Default,Default,Default,Default,Default,Default,Default,Default,Default,Default,Default,Default,Default,Default,Default,Default,Default,Default,Default,Default,Default,Default,Default,Default,Core(Runtime=Core),,1,Workload,Pilot,13,18712882,65536,285.54
Md5VsSha256.IfStatement,MyBenchmarks,Md5VsSha256,IfStatement,Core,Default,Default,Default,Default,Default,Default,Default,Default,Default,Default,Default,Core,Default,Default,Default,Default,Default,Default,Default,Default,Default,Default,Default,Default,Default,Default,Default,Default,Default,Default,Default,Default,Default,Default,Default,Default,Default,Default,Default,Default,Core(Runtime=Core),,1,Workload,Pilot,14,36816374,131072,280.89
Md5VsSha256.IfStatement,MyBenchmarks,Md5VsSha256,IfStatement,Core,Default,Default,Default,Default,Default,Default,Default,Default,Default,Default,Default,Core,Default,Default,Default,Default,Default,Default,Default,Default,Default,Default,Default,Default,Default,Default,Default,Default,Default,Default,Default,Default,Default,Default,Default,Default,Default,Default,Default,Default,Core(Runtime=Core),,1,Workload,Pilot,15,68140449,262144,259.94
Md5VsSha256.IfStatement,MyBenchmarks,Md5VsSha256,IfStatement,Core,Default,Default,Default,Default,Default,Default,Default,Default,Default,Default,Default,Core,Default,Default,Default,Default,Default,Default,Default,Default,Default,Default,Default,Default,Default,Default,Default,Default,Default,Default,Default,Default,Default,Default,Default,Default,Default,Default,Default,Default,Core(Runtime=Core),,1,Workload,Pilot,16,137855023,524288,262.94
Md5VsSha256.IfStatement,MyBenchmarks,Md5VsSha256,IfStatement,Core,Default,Default,Default,Default,Default,Default,Default,Default,Default,Default,Default,Core,Default,Default,Default,Default,Default,Default,Default,Default,Default,Default,Default,Default,Default,Default,Default,Default,Default,Default,Default,Default,Default,Default,Default,Default,Default,Default,Default,Default,Core(Runtime=Core),,1,Workload,Pilot,17,237042076,1048576,226.06
Md5VsSha256.IfStatement,MyBenchmarks,Md5VsSha256,IfStatement,Core,Default,Default,Default,Default,Default,Default,Default,Default,Default,Default,Default,Core,Default,Default,Default,Default,Default,Default,Default,Default,Default,Default,Default,Default,Default,Default,Default,Default,Default,Default,Default,Default,Default,Default,Default,Default,Default,Default,Default,Default,Core(Runtime=Core),,1,Workload,Pilot,18,475976161,2097152,226.96
Md5VsSha256.IfStatement,MyBenchmarks,Md5VsSha256,IfStatement,Core,Default,Default,Default,Default,Default,Default,Default,Default,Default,Default,Default,Core,Default,Default,Default,Default,Default,Default,Default,Default,Default,Default,Default,Default,Default,Default,Default,Default,Default,Default,Default,Default,Default,Default,Default,Default,Default,Default,Default,Default,Core(Runtime=Core),,1,Workload,Pilot,19,968190166,4194304,230.83
Md5VsSha256.IfStatement,MyBenchmarks,Md5VsSha256,IfStatement,Core,Default,Default,Default,Default,Default,Default,Default,Default,Default,Default,Default,Core,Default,Default,Default,Default,Default,Default,Default,Default,Default,Default,Default,Default,Default,Default,Default,Default,Default,Default,Default,Default,Default,Default,Default,Default,Default,Default,Default,Default,Core(Runtime=Core),,1,Overhead,Warmup,1,7716918,4194304,1.84
Md5VsSha256.IfStatement,MyBenchmarks,Md5VsSha256,IfStatement,Core,Default,Default,Default,Default,Default,Default,Default,Default,Default,Default,Default,Core,Default,Default,Default,Default,Default,Default,Default,Default,Default,Default,Default,Default,Default,Default,Default,Default,Default,Default,Default,Default,Default,Default,Default,Default,Default,Default,Default,Default,Core(Runtime=Core),,1,Overhead,Warmup,2,7225336,4194304,1.72
Md5VsSha256.IfStatement,MyBenchmarks,Md5VsSha256,IfStatement,Core,Default,Default,Default,Default,Default,Default,Default,Default,Default,Default,Default,Core,Default,Default,Default,Default,Default,Default,Default,Default,Default,Default,Default,Default,Default,Default,Default,Default,Default,Default,Default,Default,Default,Default,Default,Default,Default,Default,Default,Default,Core(Runtime=Core),,1,Overhead,Warmup,3,7906160,4194304,1.88
Md5VsSha256.IfStatement,MyBenchmarks,Md5VsSha256,IfStatement,Core,Default,Default,Default,Default,Default,Default,Default,Default,Default,Default,Default,Core,Default,Default,Default,Default,Default,Default,Default,Default,Default,Default,Default,Default,Default,Default,Default,Default,Default,Default,Default,Default,Default,Default,Default,Default,Default,Default,Default,Default,Core(Runtime=Core),,1,Overhead,Warmup,4,7523926,4194304,1.79
Md5VsSha256.IfStatement,MyBenchmarks,Md5VsSha256,IfStatement,Core,Default,Default,Default,Default,Default,Default,Default,Default,Default,Default,Default,Core,Default,Default,Default,Default,Default,Default,Default,Default,Default,Default,Default,Default,Default,Default,Default,Default,Default,Default,Default,Default,Default,Default,Default,Default,Default,Default,Default,Default,Core(Runtime=Core),,1,Overhead,Warmup,5,9008505,4194304,2.15
Md5VsSha256.IfStatement,MyBenchmarks,Md5VsSha256,IfStatement,Core,Default,Default,Default,Default,Default,Default,Default,Default,Default,Default,Default,Core,Default,Default,Default,Default,Default,Default,Default,Default,Default,Default,Default,Default,Default,Default,Default,Default,Default,Default,Default,Default,Default,Default,Default,Default,Default,Default,Default,Default,Core(Runtime=Core),,1,Overhead,Warmup,6,7842828,4194304,1.87
Md5VsSha256.IfStatement,MyBenchmarks,Md5VsSha256,IfStatement,Core,Default,Default,Default,Default,Default,Default,Default,Default,Default,Default,Default,Core,Default,Default,Default,Default,Default,Default,Default,Default,Default,Default,Default,Default,Default,Default,Default,Default,Default,Default,Default,Default,Default,Default,Default,Default,Default,Default,Default,Default,Core(Runtime=Core),,1,Overhead,Actual,1,7407870,4194304,1.77
Md5VsSha256.IfStatement,MyBenchmarks,Md5VsSha256,IfStatement,Core,Default,Default,Default,Default,Default,Default,Default,Default,Default,Default,Default,Core,Default,Default,Default,Default,Default,Default,Default,Default,Default,Default,Default,Default,Default,Default,Default,Default,Default,Default,Default,Default,Default,Default,Default,Default,Default,Default,Default,Default,Core(Runtime=Core),,1,Overhead,Actual,2,7746612,4194304,1.85
Md5VsSha256.IfStatement,MyBenchmarks,Md5VsSha256,IfStatement,Core,Default,Default,Default,Default,Default,Default,Default,Default,Default,Default,Default,Core,Default,Default,Default,Default,Default,Default,Default,Default,Default,Default,Default,Default,Default,Default,Default,Default,Default,Default,Default,Default,Default,Default,Default,Default,Default,Default,Default,Default,Core(Runtime=Core),,1,Overhead,Actual,3,8045359,4194304,1.92
Md5VsSha256.IfStatement,MyBenchmarks,Md5VsSha256,IfStatement,Core,Default,Default,Default,Default,Default,Default,Default,Default,Default,Default,Default,Core,Default,Default,Default,Default,Default,Default,Default,Default,Default,Default,Default,Default,Default,Default,Default,Default,Default,Default,Default,Default,Default,Default,Default,Default,Default,Default,Default,Default,Core(Runtime=Core),,1,Overhead,Actual,4,7649064,4194304,1.82
Md5VsSha256.IfStatement,MyBenchmarks,Md5VsSha256,IfStatement,Core,Default,Default,Default,Default,Default,Default,Default,Default,Default,Default,Default,Core,Default,Default,Default,Default,Default,Default,Default,Default,Default,Default,Default,Default,Default,Default,Default,Default,Default,Default,Default,Default,Default,Default,Default,Default,Default,Default,Default,Default,Core(Runtime=Core),,1,Overhead,Actual,5,7412528,4194304,1.77
Md5VsSha256.IfStatement,MyBenchmarks,Md5VsSha256,IfStatement,Core,Default,Default,Default,Default,Default,Default,Default,Default,Default,Default,Default,Core,Default,Default,Default,Default,Default,Default,Default,Default,Default,Default,Default,Default,Default,Default,Default,Default,Default,Default,Default,Default,Default,Default,Default,Default,Default,Default,Default,Default,Core(Runtime=Core),,1,Overhead,Actual,6,8100562,4194304,1.93
Md5VsSha256.IfStatement,MyBenchmarks,Md5VsSha256,IfStatement,Core,Default,Default,Default,Default,Default,Default,Default,Default,Default,Default,Default,Core,Default,Default,Default,Default,Default,Default,Default,Default,Default,Default,Default,Default,Default,Default,Default,Default,Default,Default,Default,Default,Default,Default,Default,Default,Default,Default,Default,Default,Core(Runtime=Core),,1,Overhead,Actual,7,7899814,4194304,1.88
Md5VsSha256.IfStatement,MyBenchmarks,Md5VsSha256,IfStatement,Core,Default,Default,Default,Default,Default,Default,Default,Default,Default,Default,Default,Core,Default,Default,Default,Default,Default,Default,Default,Default,Default,Default,Default,Default,Default,Default,Default,Default,Default,Default,Default,Default,Default,Default,Default,Default,Default,Default,Default,Default,Core(Runtime=Core),,1,Overhead,Actual,8,9657605,4194304,2.3
Md5VsSha256.IfStatement,MyBenchmarks,Md5VsSha256,IfStatement,Core,Default,Default,Default,Default,Default,Default,Default,Default,Default,Default,Default,Core,Default,Default,Default,Default,Default,Default,Default,Default,Default,Default,Default,Default,Default,Default,Default,Default,Default,Default,Default,Default,Default,Default,Default,Default,Default,Default,Default,Default,Core(Runtime=Core),,1,Overhead,Actual,9,8245185,4194304,1.97
Md5VsSha256.IfStatement,MyBenchmarks,Md5VsSha256,IfStatement,Core,Default,Default,Default,Default,Default,Default,Default,Default,Default,Default,Default,Core,Default,Default,Default,Default,Default,Default,Default,Default,Default,Default,Default,Default,Default,Default,Default,Default,Default,Default,Default,Default,Default,Default,Default,Default,Default,Default,Default,Default,Core(Runtime=Core),,1,Overhead,Actual,10,7592816,4194304,1.81
Md5VsSha256.IfStatement,MyBenchmarks,Md5VsSha256,IfStatement,Core,Default,Default,Default,Default,Default,Default,Default,Default,Default,Default,Default,Core,Default,Default,Default,Default,Default,Default,Default,Default,Default,Default,Default,Default,Default,Default,Default,Default,Default,Default,Default,Default,Default,Default,Default,Default,Default,Default,Default,Default,Core(Runtime=Core),,1,Overhead,Actual,11,7596963,4194304,1.81
Md5VsSha256.IfStatement,MyBenchmarks,Md5VsSha256,IfStatement,Core,Default,Default,Default,Default,Default,Default,Default,Default,Default,Default,Default,Core,Default,Default,Default,Default,Default,Default,Default,Default,Default,Default,Default,Default,Default,Default,Default,Default,Default,Default,Default,Default,Default,Default,Default,Default,Default,Default,Default,Default,Core(Runtime=Core),,1,Overhead,Actual,12,7837054,4194304,1.87
Md5VsSha256.IfStatement,MyBenchmarks,Md5VsSha256,IfStatement,Core,Default,Default,Default,Default,Default,Default,Default,Default,Default,Default,Default,Core,Default,Default,Default,Default,Default,Default,Default,Default,Default,Default,Default,Default,Default,Default,Default,Default,Default,Default,Default,Default,Default,Default,Default,Default,Default,Default,Default,Default,Core(Runtime=Core),,1,Overhead,Actual,13,8650822,4194304,2.06
Md5VsSha256.IfStatement,MyBenchmarks,Md5VsSha256,IfStatement,Core,Default,Default,Default,Default,Default,Default,Default,Default,Default,Default,Default,Core,Default,Default,Default,Default,Default,Default,Default,Default,Default,Default,Default,Default,Default,Default,Default,Default,Default,Default,Default,Default,Default,Default,Default,Default,Default,Default,Default,Default,Core(Runtime=Core),,1,Overhead,Actual,14,8306442,4194304,1.98
Md5VsSha256.IfStatement,MyBenchmarks,Md5VsSha256,IfStatement,Core,Default,Default,Default,Default,Default,Default,Default,Default,Default,Default,Default,Core,Default,Default,Default,Default,Default,Default,Default,Default,Default,Default,Default,Default,Default,Default,Default,Default,Default,Default,Default,Default,Default,Default,Default,Default,Default,Default,Default,Default,Core(Runtime=Core),,1,Overhead,Actual,15,8424514,4194304,2.01
Md5VsSha256.IfStatement,MyBenchmarks,Md5VsSha256,IfStatement,Core,Default,Default,Default,Default,Default,Default,Default,Default,Default,Default,Default,Core,Default,Default,Default,Default,Default,Default,Default,Default,Default,Default,Default,Default,Default,Default,Default,Default,Default,Default,Default,Default,Default,Default,Default,Default,Default,Default,Default,Default,Core(Runtime=Core),,1,Overhead,Actual,16,7514651,4194304,1.79
Md5VsSha256.IfStatement,MyBenchmarks,Md5VsSha256,IfStatement,Core,Default,Default,Default,Default,Default,Default,Default,Default,Default,Default,Default,Core,Default,Default,Default,Default,Default,Default,Default,Default,Default,Default,Default,Default,Default,Default,Default,Default,Default,Default,Default,Default,Default,Default,Default,Default,Default,Default,Default,Default,Core(Runtime=Core),,1,Overhead,Actual,17,8874351,4194304,2.12
Md5VsSha256.IfStatement,MyBenchmarks,Md5VsSha256,IfStatement,Core,Default,Default,Default,Default,Default,Default,Default,Default,Default,Default,Default,Core,Default,Default,Default,Default,Default,Default,Default,Default,Default,Default,Default,Default,Default,Default,Default,Default,Default,Default,Default,Default,Default,Default,Default,Default,Default,Default,Default,Default,Core(Runtime=Core),,1,Overhead,Actual,18,7824430,4194304,1.87
Md5VsSha256.IfStatement,MyBenchmarks,Md5VsSha256,IfStatement,Core,Default,Default,Default,Default,Default,Default,Default,Default,Default,Default,Default,Core,Default,Default,Default,Default,Default,Default,Default,Default,Default,Default,Default,Default,Default,Default,Default,Default,Default,Default,Default,Default,Default,Default,Default,Default,Default,Default,Default,Default,Core(Runtime=Core),,1,Overhead,Actual,19,8520664,4194304,2.03
Md5VsSha256.IfStatement,MyBenchmarks,Md5VsSha256,IfStatement,Core,Default,Default,Default,Default,Default,Default,Default,Default,Default,Default,Default,Core,Default,Default,Default,Default,Default,Default,Default,Default,Default,Default,Default,Default,Default,Default,Default,Default,Default,Default,Default,Default,Default,Default,Default,Default,Default,Default,Default,Default,Core(Runtime=Core),,1,Overhead,Actual,20,7621582,4194304,1.82
Md5VsSha256.IfStatement,MyBenchmarks,Md5VsSha256,IfStatement,Core,Default,Default,Default,Default,Default,Default,Default,Default,Default,Default,Default,Core,Default,Default,Default,Default,Default,Default,Default,Default,Default,Default,Default,Default,Default,Default,Default,Default,Default,Default,Default,Default,Default,Default,Default,Default,Default,Default,Default,Default,Core(Runtime=Core),,1,Workload,Warmup,1,997206900,4194304,237.75
Md5VsSha256.IfStatement,MyBenchmarks,Md5VsSha256,IfStatement,Core,Default,Default,Default,Default,Default,Default,Default,Default,Default,Default,Default,Core,Default,Default,Default,Default,Default,Default,Default,Default,Default,Default,Default,Default,Default,Default,Default,Default,Default,Default,Default,Default,Default,Default,Default,Default,Default,Default,Default,Default,Core(Runtime=Core),,1,Workload,Warmup,2,970543358,4194304,231.4
Md5VsSha256.IfStatement,MyBenchmarks,Md5VsSha256,IfStatement,Core,Default,Default,Default,Default,Default,Default,Default,Default,Default,Default,Default,Core,Default,Default,Default,Default,Default,Default,Default,Default,Default,Default,Default,Default,Default,Default,Default,Default,Default,Default,Default,Default,Default,Default,Default,Default,Default,Default,Default,Default,Core(Runtime=Core),,1,Workload,Warmup,3,970612404,4194304,231.41
Md5VsSha256.IfStatement,MyBenchmarks,Md5VsSha256,IfStatement,Core,Default,Default,Default,Default,Default,Default,Default,Default,Default,Default,Default,Core,Default,Default,Default,Default,Default,Default,Default,Default,Default,Default,Default,Default,Default,Default,Default,Default,Default,Default,Default,Default,Default,Default,Default,Default,Default,Default,Default,Default,Core(Runtime=Core),,1,Workload,Warmup,4,963591164,4194304,229.74
Md5VsSha256.IfStatement,MyBenchmarks,Md5VsSha256,IfStatement,Core,Default,Default,Default,Default,Default,Default,Default,Default,Default,Default,Default,Core,Default,Default,Default,Default,Default,Default,Default,Default,Default,Default,Default,Default,Default,Default,Default,Default,Default,Default,Default,Default,Default,Default,Default,Default,Default,Default,Default,Default,Core(Runtime=Core),,1,Workload,Warmup,5,1048565961,4194304,250
Md5VsSha256.IfStatement,MyBenchmarks,Md5VsSha256,IfStatement,Core,Default,Default,Default,Default,Default,Default,Default,Default,Default,Default,Default,Core,Default,Default,Default,Default,Default,Default,Default,Default,Default,Default,Default,Default,Default,Default,Default,Default,Default,Default,Default,Default,Default,Default,Default,Default,Default,Default,Default,Default,Core(Runtime=Core),,1,Workload,Warmup,6,1066030330,4194304,254.16
Md5VsSha256.IfStatement,MyBenchmarks,Md5VsSha256,IfStatement,Core,Default,Default,Default,Default,Default,Default,Default,Default,Default,Default,Default,Core,Default,Default,Default,Default,Default,Default,Default,Default,Default,Default,Default,Default,Default,Default,Default,Default,Default,Default,Default,Default,Default,Default,Default,Default,Default,Default,Default,Default,Core(Runtime=Core),,1,Workload,Warmup,7,970339460,4194304,231.35
Md5VsSha256.IfStatement,MyBenchmarks,Md5VsSha256,IfStatement,Core,Default,Default,Default,Default,Default,Default,Default,Default,Default,Default,Default,Core,Default,Default,Default,Default,Default,Default,Default,Default,Default,Default,Default,Default,Default,Default,Default,Default,Default,Default,Default,Default,Default,Default,Default,Default,Default,Default,Default,Default,Core(Runtime=Core),,1,Workload,Actual,1,977612189,4194304,233.08
Md5VsSha256.IfStatement,MyBenchmarks,Md5VsSha256,IfStatement,Core,Default,Default,Default,Default,Default,Default,Default,Default,Default,Default,Default,Core,Default,Default,Default,Default,Default,Default,Default,Default,Default,Default,Default,Default,Default,Default,Default,Default,Default,Default,Default,Default,Default,Default,Default,Default,Default,Default,Default,Default,Core(Runtime=Core),,1,Workload,Actual,2,977762399,4194304,233.12
Md5VsSha256.IfStatement,MyBenchmarks,Md5VsSha256,IfStatement,Core,Default,Default,Default,Default,Default,Default,Default,Default,Default,Default,Default,Core,Default,Default,Default,Default,Default,Default,Default,Default,Default,Default,Default,Default,Default,Default,Default,Default,Default,Default,Default,Default,Default,Default,Default,Default,Default,Default,Default,Default,Core(Runtime=Core),,1,Workload,Actual,3,973559550,4194304,232.11
Md5VsSha256.IfStatement,MyBenchmarks,Md5VsSha256,IfStatement,Core,Default,Default,Default,Default,Default,Default,Default,Default,Default,Default,Default,Core,Default,Default,Default,Default,Default,Default,Default,Default,Default,Default,Default,Default,Default,Default,Default,Default,Default,Default,Default,Default,Default,Default,Default,Default,Default,Default,Default,Default,Core(Runtime=Core),,1,Workload,Actual,4,988226869,4194304,235.61
Md5VsSha256.IfStatement,MyBenchmarks,Md5VsSha256,IfStatement,Core,Default,Default,Default,Default,Default,Default,Default,Default,Default,Default,Default,Core,Default,Default,Default,Default,Default,Default,Default,Default,Default,Default,Default,Default,Default,Default,Default,Default,Default,Default,Default,Default,Default,Default,Default,Default,Default,Default,Default,Default,Core(Runtime=Core),,1,Workload,Actual,5,927831091,4194304,221.21
Md5VsSha256.IfStatement,MyBenchmarks,Md5VsSha256,IfStatement,Core,Default,Default,Default,Default,Default,Default,Default,Default,Default,Default,Default,Core,Default,Default,Default,Default,Default,Default,Default,Default,Default,Default,Default,Default,Default,Default,Default,Default,Default,Default,Default,Default,Default,Default,Default,Default,Default,Default,Default,Default,Core(Runtime=Core),,1,Workload,Actual,6,932108844,4194304,222.23
Md5VsSha256.IfStatement,MyBenchmarks,Md5VsSha256,IfStatement,Core,Default,Default,Default,Default,Default,Default,Default,Default,Default,Default,Default,Core,Default,Default,Default,Default,Default,Default,Default,Default,Default,Default,Default,Default,Default,Default,Default,Default,Default,Default,Default,Default,Default,Default,Default,Default,Default,Default,Default,Default,Core(Runtime=Core),,1,Workload,Actual,7,936631164,4194304,223.31
Md5VsSha256.IfStatement,MyBenchmarks,Md5VsSha256,IfStatement,Core,Default,Default,Default,Default,Default,Default,Default,Default,Default,Default,Default,Core,Default,Default,Default,Default,Default,Default,Default,Default,Default,Default,Default,Default,Default,Default,Default,Default,Default,Default,Default,Default,Default,Default,Default,Default,Default,Default,Default,Default,Core(Runtime=Core),,1,Workload,Actual,8,935100642,4194304,222.95
Md5VsSha256.IfStatement,MyBenchmarks,Md5VsSha256,IfStatement,Core,Default,Default,Default,Default,Default,Default,Default,Default,Default,Default,Default,Core,Default,Default,Default,Default,Default,Default,Default,Default,Default,Default,Default,Default,Default,Default,Default,Default,Default,Default,Default,Default,Default,Default,Default,Default,Default,Default,Default,Default,Core(Runtime=Core),,1,Workload,Actual,9,966242494,4194304,230.37
Md5VsSha256.IfStatement,MyBenchmarks,Md5VsSha256,IfStatement,Core,Default,Default,Default,Default,Default,Default,Default,Default,Default,Default,Default,Core,Default,Default,Default,Default,Default,Default,Default,Default,Default,Default,Default,Default,Default,Default,Default,Default,Default,Default,Default,Default,Default,Default,Default,Default,Default,Default,Default,Default,Core(Runtime=Core),,1,Workload,Actual,10,1070893782,4194304,255.32
Md5VsSha256.IfStatement,MyBenchmarks,Md5VsSha256,IfStatement,Core,Default,Default,Default,Default,Default,Default,Default,Default,Default,Default,Default,Core,Default,Default,Default,Default,Default,Default,Default,Default,Default,Default,Default,Default,Default,Default,Default,Default,Default,Default,Default,Default,Default,Default,Default,Default,Default,Default,Default,Default,Core(Runtime=Core),,1,Workload,Actual,11,992538353,4194304,236.64
Md5VsSha256.IfStatement,MyBenchmarks,Md5VsSha256,IfStatement,Core,Default,Default,Default,Default,Default,Default,Default,Default,Default,Default,Default,Core,Default,Default,Default,Default,Default,Default,Default,Default,Default,Default,Default,Default,Default,Default,Default,Default,Default,Default,Default,Default,Default,Default,Default,Default,Default,Default,Default,Default,Core(Runtime=Core),,1,Workload,Actual,12,988565843,4194304,235.69
Md5VsSha256.IfStatement,MyBenchmarks,Md5VsSha256,IfStatement,Core,Default,Default,Default,Default,Default,Default,Default,Default,Default,Default,Default,Core,Default,Default,Default,Default,Default,Default,Default,Default,Default,Default,Default,Default,Default,Default,Default,Default,Default,Default,Default,Default,Default,Default,Default,Default,Default,Default,Default,Default,Core(Runtime=Core),,1,Workload,Actual,13,937270114,4194304,223.46
Md5VsSha256.IfStatement,MyBenchmarks,Md5VsSha256,IfStatement,Core,Default,Default,Default,Default,Default,Default,Default,Default,Default,Default,Default,Core,Default,Default,Default,Default,Default,Default,Default,Default,Default,Default,Default,Default,Default,Default,Default,Default,Default,Default,Default,Default,Default,Default,Default,Default,Default,Default,Default,Default,Core(Runtime=Core),,1,Workload,Actual,14,931854566,4194304,222.17
Md5VsSha256.IfStatement,MyBenchmarks,Md5VsSha256,IfStatement,Core,Default,Default,Default,Default,Default,Default,Default,Default,Default,Default,Default,Core,Default,Default,Default,Default,Default,Default,Default,Default,Default,Default,Default,Default,Default,Default,Default,Default,Default,Default,Default,Default,Default,Default,Default,Default,Default,Default,Default,Default,Core(Runtime=Core),,1,Workload,Actual,15,941709088,4194304,224.52
Md5VsSha256.IfStatement,MyBenchmarks,Md5VsSha256,IfStatement,Core,Default,Default,Default,Default,Default,Default,Default,Default,Default,Default,Default,Core,Default,Default,Default,Default,Default,Default,Default,Default,Default,Default,Default,Default,Default,Default,Default,Default,Default,Default,Default,Default,Default,Default,Default,Default,Default,Default,Default,Default,Core(Runtime=Core),,1,Workload,Actual,16,934750574,4194304,222.86
Md5VsSha256.IfStatement,MyBenchmarks,Md5VsSha256,IfStatement,Core,Default,Default,Default,Default,Default,Default,Default,Default,Default,Default,Default,Core,Default,Default,Default,Default,Default,Default,Default,Default,Default,Default,Default,Default,Default,Default,Default,Default,Default,Default,Default,Default,Default,Default,Default,Default,Default,Default,Default,Default,Core(Runtime=Core),,1,Workload,Actual,17,995337349,4194304,237.31
Md5VsSha256.IfStatement,MyBenchmarks,Md5VsSha256,IfStatement,Core,Default,Default,Default,Default,Default,Default,Default,Default,Default,Default,Default,Core,Default,Default,Default,Default,Default,Default,Default,Default,Default,Default,Default,Default,Default,Default,Default,Default,Default,Default,Default,Default,Default,Default,Default,Default,Default,Default,Default,Default,Core(Runtime=Core),,1,Workload,Actual,18,944176527,4194304,225.11
Md5VsSha256.IfStatement,MyBenchmarks,Md5VsSha256,IfStatement,Core,Default,Default,Default,Default,Default,Default,Default,Default,Default,Default,Default,Core,Default,Default,Default,Default,Default,Default,Default,Default,Default,Default,Default,Default,Default,Default,Default,Default,Default,Default,Default,Default,Default,Default,Default,Default,Default,Default,Default,Default,Core(Runtime=Core),,1,Workload,Actual,19,1021387350,4194304,243.52
Md5VsSha256.IfStatement,MyBenchmarks,Md5VsSha256,IfStatement,Core,Default,Default,Default,Default,Default,Default,Default,Default,Default,Default,Default,Core,Default,Default,Default,Default,Default,Default,Default,Default,Default,Default,Default,Default,Default,Default,Default,Default,Default,Default,Default,Default,Default,Default,Default,Default,Default,Default,Default,Default,Core(Runtime=Core),,1,Workload,Actual,20,1027731726,4194304,245.03
Md5VsSha256.IfStatement,MyBenchmarks,Md5VsSha256,IfStatement,Core,Default,Default,Default,Default,Default,Default,Default,Default,Default,Default,Default,Core,Default,Default,Default,Default,Default,Default,Default,Default,Default,Default,Default,Default,Default,Default,Default,Default,Default,Default,Default,Default,Default,Default,Default,Default,Default,Default,Default,Default,Core(Runtime=Core),,1,Workload,Actual,21,948792694,4194304,226.21
Md5VsSha256.IfStatement,MyBenchmarks,Md5VsSha256,IfStatement,Core,Default,Default,Default,Default,Default,Default,Default,Default,Default,Default,Default,Core,Default,Default,Default,Default,Default,Default,Default,Default,Default,Default,Default,Default,Default,Default,Default,Default,Default,Default,Default,Default,Default,Default,Default,Default,Default,Default,Default,Default,Core(Runtime=Core),,1,Workload,Actual,22,956301053,4194304,228
Md5VsSha256.IfStatement,MyBenchmarks,Md5VsSha256,IfStatement,Core,Default,Default,Default,Default,Default,Default,Default,Default,Default,Default,Default,Core,Default,Default,Default,Default,Default,Default,Default,Default,Default,Default,Default,Default,Default,Default,Default,Default,Default,Default,Default,Default,Default,Default,Default,Default,Default,Default,Default,Default,Core(Runtime=Core),,1,Workload,Actual,23,946235356,4194304,225.6
Md5VsSha256.IfStatement,MyBenchmarks,Md5VsSha256,IfStatement,Core,Default,Default,Default,Default,Default,Default,Default,Default,Default,Default,Default,Core,Default,Default,Default,Default,Default,Default,Default,Default,Default,Default,Default,Default,Default,Default,Default,Default,Default,Default,Default,Default,Default,Default,Default,Default,Default,Default,Default,Default,Core(Runtime=Core),,1,Workload,Actual,24,951446061,4194304,226.84
Md5VsSha256.IfStatement,MyBenchmarks,Md5VsSha256,IfStatement,Core,Default,Default,Default,Default,Default,Default,Default,Default,Default,Default,Default,Core,Default,Default,Default,Default,Default,Default,Default,Default,Default,Default,Default,Default,Default,Default,Default,Default,Default,Default,Default,Default,Default,Default,Default,Default,Default,Default,Default,Default,Core(Runtime=Core),,1,Workload,Actual,25,939435485,4194304,223.98
Md5VsSha256.IfStatement,MyBenchmarks,Md5VsSha256,IfStatement,Core,Default,Default,Default,Default,Default,Default,Default,Default,Default,Default,Default,Core,Default,Default,Default,Default,Default,Default,Default,Default,Default,Default,Default,Default,Default,Default,Default,Default,Default,Default,Default,Default,Default,Default,Default,Default,Default,Default,Default,Default,Core(Runtime=Core),,1,Workload,Actual,26,948077910,4194304,226.04
Md5VsSha256.IfStatement,MyBenchmarks,Md5VsSha256,IfStatement,Core,Default,Default,Default,Default,Default,Default,Default,Default,Default,Default,Default,Core,Default,Default,Default,Default,Default,Default,Default,Default,Default,Default,Default,Default,Default,Default,Default,Default,Default,Default,Default,Default,Default,Default,Default,Default,Default,Default,Default,Default,Core(Runtime=Core),,1,Workload,Actual,27,954720871,4194304,227.62
Md5VsSha256.IfStatement,MyBenchmarks,Md5VsSha256,IfStatement,Core,Default,Default,Default,Default,Default,Default,Default,Default,Default,Default,Default,Core,Default,Default,Default,Default,Default,Default,Default,Default,Default,Default,Default,Default,Default,Default,Default,Default,Default,Default,Default,Default,Default,Default,Default,Default,Default,Default,Default,Default,Core(Runtime=Core),,1,Workload,Actual,28,992161772,4194304,236.55
Md5VsSha256.IfStatement,MyBenchmarks,Md5VsSha256,IfStatement,Core,Default,Default,Default,Default,Default,Default,Default,Default,Default,Default,Default,Core,Default,Default,Default,Default,Default,Default,Default,Default,Default,Default,Default,Default,Default,Default,Default,Default,Default,Default,Default,Default,Default,Default,Default,Default,Default,Default,Default,Default,Core(Runtime=Core),,1,Workload,Actual,29,939205534,4194304,223.92
Md5VsSha256.IfStatement,MyBenchmarks,Md5VsSha256,IfStatement,Core,Default,Default,Default,Default,Default,Default,Default,Default,Default,Default,Default,Core,Default,Default,Default,Default,Default,Default,Default,Default,Default,Default,Default,Default,Default,Default,Default,Default,Default,Default,Default,Default,Default,Default,Default,Default,Default,Default,Default,Default,Core(Runtime=Core),,1,Workload,Actual,30,940535938,4194304,224.24
Md5VsSha256.IfStatement,MyBenchmarks,Md5VsSha256,IfStatement,Core,Default,Default,Default,Default,Default,Default,Default,Default,Default,Default,Default,Core,Default,Default,Default,Default,Default,Default,Default,Default,Default,Default,Default,Default,Default,Default,Default,Default,Default,Default,Default,Default,Default,Default,Default,Default,Default,Default,Default,Default,Core(Runtime=Core),,1,Workload,Result,1,969743755,4194304,231.2
Md5VsSha256.IfStatement,MyBenchmarks,Md5VsSha256,IfStatement,Core,Default,Default,Default,Default,Default,Default,Default,Default,Default,Default,Default,Core,Default,Default,Default,Default,Default,Default,Default,Default,Default,Default,Default,Default,Default,Default,Default,Default,Default,Default,Default,Default,Default,Default,Default,Default,Default,Default,Default,Default,Core(Runtime=Core),,1,Workload,Result,2,969893965,4194304,231.24
Md5VsSha256.IfStatement,MyBenchmarks,Md5VsSha256,IfStatement,Core,Default,Default,Default,Default,Default,Default,Default,Default,Default,Default,Default,Core,Default,Default,Default,Default,Default,Default,Default,Default,Default,Default,Default,Default,Default,Default,Default,Default,Default,Default,Default,Default,Default,Default,Default,Default,Default,Default,Default,Default,Core(Runtime=Core),,1,Workload,Result,3,965691116,4194304,230.24
Md5VsSha256.IfStatement,MyBenchmarks,Md5VsSha256,IfStatement,Core,Default,Default,Default,Default,Default,Default,Default,Default,Default,Default,Default,Core,Default,Default,Default,Default,Default,Default,Default,Default,Default,Default,Default,Default,Default,Default,Default,Default,Default,Default,Default,Default,Default,Default,Default,Default,Default,Default,Default,Default,Core(Runtime=Core),,1,Workload,Result,4,980358435,4194304,233.74
Md5VsSha256.IfStatement,MyBenchmarks,Md5VsSha256,IfStatement,Core,Default,Default,Default,Default,Default,Default,Default,Default,Default,Default,Default,Core,Default,Default,Default,Default,Default,Default,Default,Default,Default,Default,Default,Default,Default,Default,Default,Default,Default,Default,Default,Default,Default,Default,Default,Default,Default,Default,Default,Default,Core(Runtime=Core),,1,Workload,Result,5,919962657,4194304,219.34
Md5VsSha256.IfStatement,MyBenchmarks,Md5VsSha256,IfStatement,Core,Default,Default,Default,Default,Default,Default,Default,Default,Default,Default,Default,Core,Default,Default,Default,Default,Default,Default,Default,Default,Default,Default,Default,Default,Default,Default,Default,Default,Default,Default,Default,Default,Default,Default,Default,Default,Default,Default,Default,Default,Core(Runtime=Core),,1,Workload,Result,6,924240410,4194304,220.36
Md5VsSha256.IfStatement,MyBenchmarks,Md5VsSha256,IfStatement,Core,Default,Default,Default,Default,Default,Default,Default,Default,Default,Default,Default,Core,Default,Default,Default,Default,Default,Default,Default,Default,Default,Default,Default,Default,Default,Default,Default,Default,Default,Default,Default,Default,Default,Default,Default,Default,Default,Default,Default,Default,Core(Runtime=Core),,1,Workload,Result,7,928762730,4194304,221.43
Md5VsSha256.IfStatement,MyBenchmarks,Md5VsSha256,IfStatement,Core,Default,Default,Default,Default,Default,Default,Default,Default,Default,Default,Default,Core,Default,Default,Default,Default,Default,Default,Default,Default,Default,Default,Default,Default,Default,Default,Default,Default,Default,Default,Default,Default,Default,Default,Default,Default,Default,Default,Default,Default,Core(Runtime=Core),,1,Workload,Result,8,927232208,4194304,221.07
Md5VsSha256.IfStatement,MyBenchmarks,Md5VsSha256,IfStatement,Core,Default,Default,Default,Default,Default,Default,Default,Default,Default,Default,Default,Core,Default,Default,Default,Default,Default,Default,Default,Default,Default,Default,Default,Default,Default,Default,Default,Default,Default,Default,Default,Default,Default,Default,Default,Default,Default,Default,Default,Default,Core(Runtime=Core),,1,Workload,Result,9,958374060,4194304,228.49
Md5VsSha256.IfStatement,MyBenchmarks,Md5VsSha256,IfStatement,Core,Default,Default,Default,Default,Default,Default,Default,Default,Default,Default,Default,Core,Default,Default,Default,Default,Default,Default,Default,Default,Default,Default,Default,Default,Default,Default,Default,Default,Default,Default,Default,Default,Default,Default,Default,Default,Default,Default,Default,Default,Core(Runtime=Core),,1,Workload,Result,10,984669919,4194304,234.76
Md5VsSha256.IfStatement,MyBenchmarks,Md5VsSha256,IfStatement,Core,Default,Default,Default,Default,Default,Default,Default,Default,Default,Default,Default,Core,Default,Default,Default,Default,Default,Default,Default,Default,Default,Default,Default,Default,Default,Default,Default,Default,Default,Default,Default,Default,Default,Default,Default,Default,Default,Default,Default,Default,Core(Runtime=Core),,1,Workload,Result,11,980697409,4194304,233.82
Md5VsSha256.IfStatement,MyBenchmarks,Md5VsSha256,IfStatement,Core,Default,Default,Default,Default,Default,Default,Default,Default,Default,Default,Default,Core,Default,Default,Default,Default,Default,Default,Default,Default,Default,Default,Default,Default,Default,Default,Default,Default,Default,Default,Default,Default,Default,Default,Default,Default,Default,Default,Default,Default,Core(Runtime=Core),,1,Workload,Result,12,929401680,4194304,221.59
Md5VsSha256.IfStatement,MyBenchmarks,Md5VsSha256,IfStatement,Core,Default,Default,Default,Default,Default,Default,Default,Default,Default,Default,Default,Core,Default,Default,Default,Default,Default,Default,Default,Default,Default,Default,Default,Default,Default,Default,Default,Default,Default,Default,Default,Default,Default,Default,Default,Default,Default,Default,Default,Default,Core(Runtime=Core),,1,Workload,Result,13,923986132,4194304,220.3
Md5VsSha256.IfStatement,MyBenchmarks,Md5VsSha256,IfStatement,Core,Default,Default,Default,Default,Default,Default,Default,Default,Default,Default,Default,Core,Default,Default,Default,Default,Default,Default,Default,Default,Default,Default,Default,Default,Default,Default,Default,Default,Default,Default,Default,Default,Default,Default,Default,Default,Default,Default,Default,Default,Core(Runtime=Core),,1,Workload,Result,14,933840654,4194304,222.64
Md5VsSha256.IfStatement,MyBenchmarks,Md5VsSha256,IfStatement,Core,Default,Default,Default,Default,Default,Default,Default,Default,Default,Default,Default,Core,Default,Default,Default,Default,Default,Default,Default,Default,Default,Default,Default,Default,Default,Default,Default,Default,Default,Default,Default,Default,Default,Default,Default,Default,Default,Default,Default,Default,Core(Runtime=Core),,1,Workload,Result,15,926882140,4194304,220.99
Md5VsSha256.IfStatement,MyBenchmarks,Md5VsSha256,IfStatement,Core,Default,Default,Default,Default,Default,Default,Default,Default,Default,Default,Default,Core,Default,Default,Default,Default,Default,Default,Default,Default,Default,Default,Default,Default,Default,Default,Default,Default,Default,Default,Default,Default,Default,Default,Default,Default,Default,Default,Default,Default,Core(Runtime=Core),,1,Workload,Result,16,987468915,4194304,235.43
Md5VsSha256.IfStatement,MyBenchmarks,Md5VsSha256,IfStatement,Core,Default,Default,Default,Default,Default,Default,Default,Default,Default,Default,Default,Core,Default,Default,Default,Default,Default,Default,Default,Default,Default,Default,Default,Default,Default,Default,Default,Default,Default,Default,Default,Default,Default,Default,Default,Default,Default,Default,Default,Default,Core(Runtime=Core),,1,Workload,Result,17,936308093,4194304,223.23
Md5VsSha256.IfStatement,MyBenchmarks,Md5VsSha256,IfStatement,Core,Default,Default,Default,Default,Default,Default,Default,Default,Default,Default,Default,Core,Default,Default,Default,Default,Default,Default,Default,Default,Default,Default,Default,Default,Default,Default,Default,Default,Default,Default,Default,Default,Default,Default,Default,Default,Default,Default,Default,Default,Core(Runtime=Core),,1,Workload,Result,18,1013518916,4194304,241.64
Md5VsSha256.IfStatement,MyBenchmarks,Md5VsSha256,IfStatement,Core,Default,Default,Default,Default,Default,Default,Default,Default,Default,Default,Default,Core,Default,Default,Default,Default,Default,Default,Default,Default,Default,Default,Default,Default,Default,Default,Default,Default,Default,Default,Default,Default,Default,Default,Default,Default,Default,Default,Default,Default,Core(Runtime=Core),,1,Workload,Result,19,1019863292,4194304,243.15
Md5VsSha256.IfStatement,MyBenchmarks,Md5VsSha256,IfStatement,Core,Default,Default,Default,Default,Default,Default,Default,Default,Default,Default,Default,Core,Default,Default,Default,Default,Default,Default,Default,Default,Default,Default,Default,Default,Default,Default,Default,Default,Default,Default,Default,Default,Default,Default,Default,Default,Default,Default,Default,Default,Core(Runtime=Core),,1,Workload,Result,20,940924260,4194304,224.33
Md5VsSha256.IfStatement,MyBenchmarks,Md5VsSha256,IfStatement,Core,Default,Default,Default,Default,Default,Default,Default,Default,Default,Default,Default,Core,Default,Default,Default,Default,Default,Default,Default,Default,Default,Default,Default,Default,Default,Default,Default,Default,Default,Default,Default,Default,Default,Default,Default,Default,Default,Default,Default,Default,Core(Runtime=Core),,1,Workload,Result,21,948432619,4194304,226.12
Md5VsSha256.IfStatement,MyBenchmarks,Md5VsSha256,IfStatement,Core,Default,Default,Default,Default,Default,Default,Default,Default,Default,Default,Default,Core,Default,Default,Default,Default,Default,Default,Default,Default,Default,Default,Default,Default,Default,Default,Default,Default,Default,Default,Default,Default,Default,Default,Default,Default,Default,Default,Default,Default,Core(Runtime=Core),,1,Workload,Result,22,938366922,4194304,223.72
Md5VsSha256.IfStatement,MyBenchmarks,Md5VsSha256,IfStatement,Core,Default,Default,Default,Default,Default,Default,Default,Default,Default,Default,Default,Core,Default,Default,Default,Default,Default,Default,Default,Default,Default,Default,Default,Default,Default,Default,Default,Default,Default,Default,Default,Default,Default,Default,Default,Default,Default,Default,Default,Default,Core(Runtime=Core),,1,Workload,Result,23,943577627,4194304,224.97
Md5VsSha256.IfStatement,MyBenchmarks,Md5VsSha256,IfStatement,Core,Default,Default,Default,Default,Default,Default,Default,Default,Default,Default,Default,Core,Default,Default,Default,Default,Default,Default,Default,Default,Default,Default,Default,Default,Default,Default,Default,Default,Default,Default,Default,Default,Default,Default,Default,Default,Default,Default,Default,Default,Core(Runtime=Core),,1,Workload,Result,24,931567051,4194304,222.1
Md5VsSha256.IfStatement,MyBenchmarks,Md5VsSha256,IfStatement,Core,Default,Default,Default,Default,Default,Default,Default,Default,Default,Default,Default,Core,Default,Default,Default,Default,Default,Default,Default,Default,Default,Default,Default,Default,Default,Default,Default,Default,Default,Default,Default,Default,Default,Default,Default,Default,Default,Default,Default,Default,Core(Runtime=Core),,1,Workload,Result,25,940209476,4194304,224.16
Md5VsSha256.IfStatement,MyBenchmarks,Md5VsSha256,IfStatement,Core,Default,Default,Default,Default,Default,Default,Default,Default,Default,Default,Default,Core,Default,Default,Default,Default,Default,Default,Default,Default,Default,Default,Default,Default,Default,Default,Default,Default,Default,Default,Default,Default,Default,Default,Default,Default,Default,Default,Default,Default,Core(Runtime=Core),,1,Workload,Result,26,946852437,4194304,225.75
Md5VsSha256.IfStatement,MyBenchmarks,Md5VsSha256,IfStatement,Core,Default,Default,Default,Default,Default,Default,Default,Default,Default,Default,Default,Core,Default,Default,Default,Default,Default,Default,Default,Default,Default,Default,Default,Default,Default,Default,Default,Default,Default,Default,Default,Default,Default,Default,Default,Default,Default,Default,Default,Default,Core(Runtime=Core),,1,Workload,Result,27,984293338,4194304,234.67
Md5VsSha256.IfStatement,MyBenchmarks,Md5VsSha256,IfStatement,Core,Default,Default,Default,Default,Default,Default,Default,Default,Default,Default,Default,Core,Default,Default,Default,Default,Default,Default,Default,Default,Default,Default,Default,Default,Default,Default,Default,Default,Default,Default,Default,Default,Default,Default,Default,Default,Default,Default,Default,Default,Core(Runtime=Core),,1,Workload,Result,28,931337100,4194304,222.05
Md5VsSha256.IfStatement,MyBenchmarks,Md5VsSha256,IfStatement,Core,Default,Default,Default,Default,Default,Default,Default,Default,Default,Default,Default,Core,Default,Default,Default,Default,Default,Default,Default,Default,Default,Default,Default,Default,Default,Default,Default,Default,Default,Default,Default,Default,Default,Default,Default,Default,Default,Default,Default,Default,Core(Runtime=Core),,1,Workload,Result,29,932667504,4194304,222.37
